{"AuxAudioDevice1":{"balance":0.5,"deinterlace_field_order":0,"deinterlace_mode":0,"enabled":true,"flags":0,"hotkeys":{"libobs.mute":[],"libobs.push-to-mute":[],"libobs.push-to-talk":[],"libobs.unmute":[]},"id":"wasapi_input_capture","mixers":255,"monitoring_type":0,"muted":true,"name":"Mic","prev_ver":486539266,"private_settings":{},"push-to-mute":false,"push-to-mute-delay":0,"push-to-talk":false,"push-to-talk-delay":0,"settings":{"device_id":"{0.0.1.00000000}.{7bd0f1b8-9538-49ce-82e5-920ac95a67f0}"},"sync":0,"versioned_id":"wasapi_input_capture","volume":1.0},"current_program_scene":"Call of Duty  Modern Warfare 2 (2022)","current_scene":"Call of Duty  Modern Warfare 2 (2022)","current_transition":"Fade","groups":[],"modules":{"auto-scene-switcher":{"active":false,"interval":300,"non_matching_scene":"","switch_if_not_matching":false,"switches":[]},"captions":{"enabled":false,"lang_id":3082,"provider":"mssapi","source":""},"output-timer":{"autoStartRecordTimer":false,"autoStartStreamTimer":false,"pauseRecordTimer":true,"recordTimerHours":0,"recordTimerMinutes":0,"recordTimerSeconds":30,"streamTimerHours":0,"streamTimerMinutes":0,"streamTimerSeconds":30},"scripts-tool":[{"path":"C:/Users/Zarckash/AppData/Roaming/OBSNotifier/obs_notifier_autostart.lua","settings":{}},{"path":"C:/Program Files/obs-studio/OBSPlay/OBSPlay.lua","settings":{"baseSavePath":"H:/Users/Zarckash/Videos","sceneBasedDir":true,"sceneBasedPrefix":true}}]},"name":"Sin Título","preview_locked":false,"quick_transitions":[],"saved_projectors":[],"scaling_enabled":false,"scaling_level":0,"scaling_off_x":0.0,"scaling_off_y":0.0,"scene_order":[{"name":"Call of Duty  Modern Warfare 2 (2022)"},{"name":"Battlefield 2042"},{"name":"Battlefield V"},{"name":"Sons Of The Forest"}],"sources":[{"balance":0.5,"deinterlace_field_order":0,"deinterlace_mode":0,"enabled":true,"flags":0,"hotkeys":{"OBSBasic.SelectScene":[],"libobs.hide_scene_item.BFV Capture":[],"libobs.hide_scene_item.BFV Sound":[],"libobs.show_scene_item.BFV Capture":[],"libobs.show_scene_item.BFV Sound":[]},"id":"scene","mixers":0,"monitoring_type":0,"muted":false,"name":"Battlefield V","prev_ver":486539266,"private_settings":{},"push-to-mute":false,"push-to-mute-delay":0,"push-to-talk":false,"push-to-talk-delay":0,"settings":{"custom_size":false,"id_counter":4,"items":[{"align":5,"blend_method":"default","blend_type":"normal","bounds":{"x":0.0,"y":0.0},"bounds_align":0,"bounds_type":0,"crop_bottom":0,"crop_left":0,"crop_right":0,"crop_top":0,"group_item_backup":false,"hide_transition":{"duration":0},"id":3,"locked":false,"name":"BFV Capture","pos":{"x":0.0,"y":0.0},"private_settings":{},"rot":0.0,"scale":{"x":1.0,"y":1.0},"scale_filter":"disable","show_transition":{"duration":0},"visible":true},{"align":5,"blend_method":"default","blend_type":"normal","bounds":{"x":0.0,"y":0.0},"bounds_align":0,"bounds_type":0,"crop_bottom":0,"crop_left":0,"crop_right":0,"crop_top":0,"group_item_backup":false,"hide_transition":{"duration":0},"id":4,"locked":false,"name":"BFV Sound","pos":{"x":0.0,"y":0.0},"private_settings":{},"rot":0.0,"scale":{"x":1.0,"y":1.0},"scale_filter":"disable","show_transition":{"duration":0},"visible":true}]},"sync":0,"versioned_id":"scene","volume":1.0},{"balance":0.5,"deinterlace_field_order":0,"deinterlace_mode":0,"enabled":true,"flags":0,"hotkeys":{"hotkey_start":[],"hotkey_stop":[]},"id":"game_capture","mixers":0,"monitoring_type":0,"muted":false,"name":"2042 Capture","prev_ver":486539266,"private_settings":{},"push-to-mute":false,"push-to-mute-delay":0,"push-to-talk":false,"push-to-talk-delay":0,"settings":{"allow_transparency":false,"capture_mode":"window","capture_overlays":true,"limit_framerate":false,"window":"Battlefield™ 2042:Battlefield™ 2042:BF2042.exe"},"sync":0,"versioned_id":"game_capture","volume":1.0},{"balance":0.5,"deinterlace_field_order":0,"deinterlace_mode":0,"enabled":true,"flags":0,"hotkeys":{"libobs.mute":[],"libobs.push-to-mute":[],"libobs.push-to-talk":[],"libobs.unmute":[]},"id":"wasapi_process_output_capture","mixers":255,"monitoring_type":0,"muted":false,"name":"2042 Sound","prev_ver":486539266,"private_settings":{},"push-to-mute":false,"push-to-mute-delay":0,"push-to-talk":false,"push-to-talk-delay":0,"settings":{"priority":2,"window":"Battlefield™ 2042:Battlefield™ 2042:BF2042.exe"},"sync":0,"versioned_id":"wasapi_process_output_capture","volume":1.0},{"balance":0.5,"deinterlace_field_order":0,"deinterlace_mode":0,"enabled":true,"flags":0,"hotkeys":{"OBSBasic.SelectScene":[],"libobs.hide_scene_item.MWII Capture":[],"libobs.hide_scene_item.MWII Sound":[],"libobs.show_scene_item.MWII Capture":[],"libobs.show_scene_item.MWII Sound":[]},"id":"scene","mixers":0,"monitoring_type":0,"muted":false,"name":"Call of Duty  Modern Warfare 2 (2022)","prev_ver":486539266,"private_settings":{},"push-to-mute":false,"push-to-mute-delay":0,"push-to-talk":false,"push-to-talk-delay":0,"settings":{"custom_size":false,"id_counter":4,"items":[{"align":5,"blend_method":"default","blend_type":"normal","bounds":{"x":0.0,"y":0.0},"bounds_align":0,"bounds_type":0,"crop_bottom":0,"crop_left":0,"crop_right":0,"crop_top":0,"group_item_backup":false,"hide_transition":{"duration":0},"id":3,"locked":false,"name":"MWII Capture","pos":{"x":0.0,"y":0.0},"private_settings":{},"rot":0.0,"scale":{"x":1.0,"y":1.0},"scale_filter":"disable","show_transition":{"duration":0},"visible":true},{"align":5,"blend_method":"default","blend_type":"normal","bounds":{"x":0.0,"y":0.0},"bounds_align":0,"bounds_type":0,"crop_bottom":0,"crop_left":0,"crop_right":0,"crop_top":0,"group_item_backup":false,"hide_transition":{"duration":0},"id":4,"locked":false,"name":"MWII Sound","pos":{"x":0.0,"y":0.0},"private_settings":{},"rot":0.0,"scale":{"x":1.0,"y":1.0},"scale_filter":"disable","show_transition":{"duration":0},"visible":true}]},"sync":0,"versioned_id":"scene","volume":1.0},{"balance":0.5,"deinterlace_field_order":0,"deinterlace_mode":0,"enabled":true,"flags":0,"hotkeys":{"OBSBasic.SelectScene":[],"libobs.hide_scene_item.2042 Capture":[],"libobs.hide_scene_item.2042 Sound":[],"libobs.show_scene_item.2042 Capture":[],"libobs.show_scene_item.2042 Sound":[]},"id":"scene","mixers":0,"monitoring_type":0,"muted":false,"name":"Battlefield 2042","prev_ver":486539266,"private_settings":{},"push-to-mute":false,"push-to-mute-delay":0,"push-to-talk":false,"push-to-talk-delay":0,"settings":{"custom_size":false,"id_counter":2,"items":[{"align":5,"blend_method":"default","blend_type":"normal","bounds":{"x":0.0,"y":0.0},"bounds_align":0,"bounds_type":0,"crop_bottom":0,"crop_left":0,"crop_right":0,"crop_top":0,"group_item_backup":false,"hide_transition":{"duration":0},"id":1,"locked":false,"name":"2042 Capture","pos":{"x":0.0,"y":0.0},"private_settings":{},"rot":0.0,"scale":{"x":1.0,"y":1.0},"scale_filter":"disable","show_transition":{"duration":0},"visible":true},{"align":5,"blend_method":"default","blend_type":"normal","bounds":{"x":0.0,"y":0.0},"bounds_align":0,"bounds_type":0,"crop_bottom":0,"crop_left":0,"crop_right":0,"crop_top":0,"group_item_backup":false,"hide_transition":{"duration":0},"id":2,"locked":false,"name":"2042 Sound","pos":{"x":0.0,"y":0.0},"private_settings":{},"rot":0.0,"scale":{"x":1.0,"y":1.0},"scale_filter":"disable","show_transition":{"duration":0},"visible":true}]},"sync":0,"versioned_id":"scene","volume":1.0},{"balance":0.5,"deinterlace_field_order":0,"deinterlace_mode":0,"enabled":true,"flags":0,"hotkeys":{"hotkey_start":[],"hotkey_stop":[]},"id":"game_capture","mixers":0,"monitoring_type":0,"muted":false,"name":"MWII Capture","prev_ver":486539266,"private_settings":{},"push-to-mute":false,"push-to-mute-delay":0,"push-to-talk":false,"push-to-talk-delay":0,"settings":{"capture_mode":"window","capture_overlays":true,"window":"C​a​l​l​ ​o​f​ ​D​u​t​y​®​ ​H​Q​​​​​​​​​​​​​​​​​​​​​​​​​​​​​​​​​​​​​​​​​​​​​​​​​​​​​​​​​​​​​​​​​​​​​​​​​​​​​​​​​:​I​W​9​​​​​​​​​​​​​​​​​​​​​​​​​:cod.exe"},"sync":0,"versioned_id":"game_capture","volume":1.0},{"balance":0.5,"deinterlace_field_order":0,"deinterlace_mode":0,"enabled":true,"flags":0,"hotkeys":{"libobs.mute":[],"libobs.push-to-mute":[],"libobs.push-to-talk":[],"libobs.unmute":[]},"id":"wasapi_process_output_capture","mixers":255,"monitoring_type":0,"muted":false,"name":"MWII Sound","prev_ver":486539266,"private_settings":{},"push-to-mute":false,"push-to-mute-delay":0,"push-to-talk":false,"push-to-talk-delay":0,"settings":{"priority":2,"window":"C​a​l​l​ ​o​f​ ​D​u​t​y​®​ ​H​Q​​​​​​​​​​​​​​​​​​​​​​​​​​​​​​​​​​​​​​​​​​​​​​​​​​​​​​​​​​​​​​​​​​​​​​​​​​​​​​​​​:​I​W​9​​​​​​​​​​​​​​​​​​​​​​​​​:cod.exe"},"sync":0,"versioned_id":"wasapi_process_output_capture","volume":1.0},{"balance":0.5,"deinterlace_field_order":0,"deinterlace_mode":0,"enabled":true,"flags":0,"hotkeys":{"hotkey_start":[],"hotkey_stop":[]},"id":"game_capture","mixers":0,"monitoring_type":0,"muted":false,"name":"BFV Capture","prev_ver":486539266,"private_settings":{},"push-to-mute":false,"push-to-mute-delay":0,"push-to-talk":false,"push-to-talk-delay":0,"settings":{"capture_mode":"window","capture_overlays":true,"window":"Battlefield™ V:Frostbite:bfv.exe"},"sync":0,"versioned_id":"game_capture","volume":1.0},{"balance":0.5,"deinterlace_field_order":0,"deinterlace_mode":0,"enabled":true,"flags":0,"hotkeys":{"libobs.mute":[],"libobs.push-to-mute":[],"libobs.push-to-talk":[],"libobs.unmute":[]},"id":"wasapi_process_output_capture","mixers":255,"monitoring_type":0,"muted":false,"name":"BFV Sound","prev_ver":486539266,"private_settings":{},"push-to-mute":false,"push-to-mute-delay":0,"push-to-talk":false,"push-to-talk-delay":0,"settings":{"priority":2,"window":"Battlefield™ V:Frostbite:bfv.exe"},"sync":0,"versioned_id":"wasapi_process_output_capture","volume":1.0},{"balance":0.5,"deinterlace_field_order":0,"deinterlace_mode":0,"enabled":true,"flags":0,"hotkeys":{"OBSBasic.SelectScene":[],"libobs.hide_scene_item.Sons Of The Forest Capture":[],"libobs.hide_scene_item.Sons Of The Forest Sound":[],"libobs.show_scene_item.Sons Of The Forest Capture":[],"libobs.show_scene_item.Sons Of The Forest Sound":[]},"id":"scene","mixers":0,"monitoring_type":0,"muted":false,"name":"Sons Of The Forest","prev_ver":486539266,"private_settings":{},"push-to-mute":false,"push-to-mute-delay":0,"push-to-talk":false,"push-to-talk-delay":0,"settings":{"custom_size":false,"id_counter":2,"items":[{"align":5,"blend_method":"default","blend_type":"normal","bounds":{"x":0.0,"y":0.0},"bounds_align":0,"bounds_type":0,"crop_bottom":0,"crop_left":0,"crop_right":0,"crop_top":0,"group_item_backup":false,"hide_transition":{"duration":0},"id":1,"locked":false,"name":"Sons Of The Forest Capture","pos":{"x":0.0,"y":0.0},"private_settings":{},"rot":0.0,"scale":{"x":1.0,"y":1.0},"scale_filter":"disable","show_transition":{"duration":0},"visible":true},{"align":5,"blend_method":"default","blend_type":"normal","bounds":{"x":0.0,"y":0.0},"bounds_align":0,"bounds_type":0,"crop_bottom":0,"crop_left":0,"crop_right":0,"crop_top":0,"group_item_backup":false,"hide_transition":{"duration":0},"id":2,"locked":false,"name":"Sons Of The Forest Sound","pos":{"x":0.0,"y":0.0},"private_settings":{},"rot":0.0,"scale":{"x":1.0,"y":1.0},"scale_filter":"disable","show_transition":{"duration":0},"visible":true}]},"sync":0,"versioned_id":"scene","volume":1.0},{"balance":0.5,"deinterlace_field_order":0,"deinterlace_mode":0,"enabled":true,"flags":0,"hotkeys":{"hotkey_start":[],"hotkey_stop":[]},"id":"game_capture","mixers":0,"monitoring_type":0,"muted":false,"name":"Sons Of The Forest Capture","prev_ver":486539266,"private_settings":{},"push-to-mute":false,"push-to-mute-delay":0,"push-to-talk":false,"push-to-talk-delay":0,"settings":{"capture_mode":"window","capture_overlays":true,"window":"SonsOfTheForest:UnityWndClass:SonsOfTheForest.exe"},"sync":0,"versioned_id":"game_capture","volume":1.0},{"balance":0.5,"deinterlace_field_order":0,"deinterlace_mode":0,"enabled":true,"flags":0,"hotkeys":{"libobs.mute":[],"libobs.push-to-mute":[],"libobs.push-to-talk":[],"libobs.unmute":[]},"id":"wasapi_process_output_capture","mixers":255,"monitoring_type":0,"muted":false,"name":"Sons Of The Forest Sound","prev_ver":486539266,"private_settings":{},"push-to-mute":false,"push-to-mute-delay":0,"push-to-talk":false,"push-to-talk-delay":0,"settings":{"priority":2,"window":"SonsOfTheForest:UnityWndClass:SonsOfTheForest.exe"},"sync":0,"versioned_id":"wasapi_process_output_capture","volume":1.0}],"transition_duration":100,"transitions":[],"virtual-camera":{"internal":0,"scene":"","source":"","type":0}}