﻿{
    "App1": {
        "Name": "Google Chrome",
        "Installer": "Google.Chrome",
        "Output": "Instalando ",
        "Source": "Winget"
    },
    "App2": {
        "Name": "GeForce Experience",
        "Installer": "Nvidia.GeForceExperience",
        "Output": "Instalando ",
        "Source": "Winget"
    },
    "App3": {
        "Name": "Discord",
        "Installer": "Discord.Discord",
        "Output": "Instalando ",
        "Source": "Winget"
    },
    "App4": {
        "Name": "Spotify",
        "FunctionName": "Spotify",
        "Output": "Iniciando Instalador De ",
        "Source": "Function"
    },
    "App5": {
        "Name": "NanaZip",
        "Installer": "M2Team.NanaZip",
        "Output": "Instalando ",
        "Source": "Winget"
    },
    "App6": {
        "Name": "WinRAR",
        "Installer": "RARLab.WinRAR",
        "Output": "Instalando ",
        "Source": "Winget"
    },
    "App7": {
        "Name": "7-Zip",
        "Installer": "mcmilk.7zip-zstd",
        "Output": "Instalando ",
        "Source": "Winget"
    },
    "App8": {
        "Name": "HW Monitor",
        "Installer": "CPUID.HWMonitor",
        "Output": "Instalando ",
        "Source": "Winget"
    },
    "App9": {
        "Name": "MSI Afterburner",
        "Installer": "MSIAfterburner.exe",
        "Output": "Iniciando Instalador De ",
        "Source": ".exe"
    },
    "App10": {
        "Name": "uTorrent Web",
        "Installer": "uTorrentWeb.exe",
        "Output": "Iniciando Instalador De ",
        "Source": ".exe"
    },
    "App11": {
        "Name": "Steam",
        "Installer": "Valve.Steam",
        "Output": "Instalando ",
        "Source": "Winget"
    },
    "App12": {
        "Name": "EA Desktop App",
        "Installer": "ElectronicArts.EADesktop",
        "Output": "Instalando ",
        "Source": "Winget"
    },
    "App13": {
        "Name": "Ubisoft Connect",
        "Installer": "Ubisoft.Connect",
        "Output": "Instalando ",
        "Source": "Winget"
    },
    "App14": {
        "Name": "Battle.Net",
        "Installer": "Battle.Net.exe",
        "Output": "Iniciando Instalador De ",
        "Source": ".exe"
    },
    "App15": {
        "Name": "Rockstar Games",
        "Installer": "RockstarGamesLauncher.exe",
        "Output": "Iniciando Instalador De ",
        "Source": ".exe"
    },
    "App16": {
        "Name": "Epic Games",
        "Installer": "EpicGames.EpicGamesLauncher",
        "Output": "Instalando ",
        "Source": "Winget"
    },
    "App17": {
        "Name": "Xbox App",
        "Installer": "XboxApp.appx",
        "Output": "Instalando ",
        "Source": ".appx"
    },
    "App18": {
        "Name": "Valorant",
        "Installer": "RiotGames.Valorant.EU",
        "Output": "Instalando ",
        "Source": "Winget"
    },
    "App19": {
        "Name": "League of Legends",
        "Installer": "RiotGames.LeagueOfLegends.EUW",
        "Output": "Instalando ",
        "Source": "Winget"
    },
    "App20": {
        "Name": "Tarkov Launcher",
        "Installer": "TarkovLauncher.exe",
        "Output": "Iniciando Instalador De ",
        "Source": ".exe"
    },
    "App21": {
        "Name": "Logitech OMM",
        "Installer": "LogitechOMM.exe",
        "Output": "Abriendo ",
        "Source": ".exe"
    },
    "App22": {
        "Name": "Corsair iCue",
        "Installer": "Corsair.iCUE.4",
        "Output": "Instalando ",
        "Source": "Winget"
    },
    "App23": {
        "Name": "Razer Synapse",
        "Installer": "RazerSynapse.exe",
        "Output": "Iniciando Instalador De ",
        "Source": ".exe"
    },
    "App24": {
        "Name": "SteelSeries Engine",
        "Installer": "SteelSeries.SteelSeriesEngine",
        "Output": "Instalando ",
        "Source": "Winget"
    },
    "App25": {
        "Name": "Visual Studio Code",
        "Installer": "Microsoft.VisualStudioCode",
        "Output": "Instalando ",
        "Source": "Winget"
    },
    "App26": {
        "Name": "Visual Studio 2022",
        "Installer": "Microsoft.VisualStudio.2022.Community",
        "Output": "Instalando ",
        "Source": "Winget"
    },
    "App27": {
        "Name": "GitHub Desktop",
        "Installer": "GitHub.GitHubDesktop",
        "Output": "Instalando ",
        "Source": "Winget"
    },
    "App28":{
        "Name": "Node JS",
        "Installer": "OpenJS.NodeJS",
        "Output": "Instalando ",
        "Source": "Winget"
    },
    "App31": {
        "Name": "OBS Studio",
        "Installer": "OBSProject.OBSStudio",
        "Output": "Instalando ",
        "Source": "Winget"
    },
    "App32": {
        "Name": "Adobe Photoshop",
        "FunctionName": "AdobePhotoshop",
        "Output": "Iniciando Instalador De ",
        "Source": "Function"
    },
    "App33": {
        "Name": "Adobe Premiere",
        "FunctionName": "AdobePremiere",
        "Output": "Iniciando Instalador De ",
        "Source": "Function"
    },
    "App34": {
        "Name": "Adobe After Effects",
        "FunctionName": "AdobeAfterEffects",
        "Output": "Iniciando Instalador De ",
        "Source": "Function"
    },
    "App35": {
        "Name": "VLC Media Player",
        "Installer": "VLCMediaPlayer.exe",
        "Output": "Iniciando Instalador De ",
        "Source": ".exe"
    },
    "App36": {
        "Name": "MegaSync",
        "Installer": "Mega.MEGASync",
        "Output": "Instalando ",
        "Source": "Winget"
    },
    "App37": {
        "Name": "Libre Office",
        "Installer": "TheDocumentFoundation.LibreOffice",
        "Output": "Instalando ",
        "Source": "Winget"
    },
    "App38": {
        "Name": "AMD Adrenalin",
        "Installer": "AMDAdrenalin.exe",
        "Output": "Iniciando Instalador De ",
        "Source": ".exe"
    }
}