{
	"Version": "1.00.00",
	"Gamepad_IsInUse": false,
	"Gamepad_SelectedProfile": 0,
	"Gamepad_InvertLookYAxis": false,
	"Gamepad_AimResponseCurveType": 1,
	"Gamepad_LeftStick_DeadZone": 0.2,
	"Gamepad_RightStick_DeadZone": 0.2,
	"Gamepad_Soldier_LookSensitivity": 1,
	"Gamepad_Soldier_LookSensitivity_ADS": 1,
	"Gamepad_Vehicle_LookSensitivity": 1,
	"Gamepad_Vehicle_LookSensitivity_Zoom": 1,
	"Gamepad_Invert_Cross_And_Circle_Buttons_Behaviour": false,
	"Keybindings": [
		{
			"IsAction": true,
			"InputName": "Soldier_Sprint",
			"PrimaryKey": "CapsLock"
		},
		{
			"IsAction": true,
			"InputName": "Soldier_Crouch",
			"PrimaryKey": "C",
			"AlternativeKey": "None"
		},
		{
			"IsAction": true,
			"InputName": "Soldier_Prone",
			"PrimaryKey": "X"
		},
		{
			"IsAction": true,
			"InputName": "Soldier_ChangeShootingMode",
			"PrimaryKey": "B"
		},
		{
			"IsAction": true,
			"InputName": "Common_Mark",
			"PrimaryKey": "None"
		}
	]
}